Workbook

Sheet PRICES
A1: EC2 Type | B1: $/hr (On-Demand) | D1: EBS Type | E1: $/GB/mo | F1: $/IOPS/mo | H1: RDS Class | I1: $/hr Single | J1: $/hr Multi | L1: ELB Type | M1: $/hr base | N1: $/LCU-hr | P1: S3 Class | Q1: $/GB/mo | S1: ECS SKU | T1: $/unit/hr | V1: EKS SKU | W1: $/unit/hr | Y1: Data Transfer Type | Z1: $/GB or $/hr | AB1: EBS Pre-Sized SKU | AC1: $/hr
A2: t2.micro | B2: 0.0116 | D2: gp3 | E2: 0.096 | F2: 0 | H2: db.t3.micro | I2: 0.019 | J2: 0.038 | L2: Application LB (ALB) | M2: 0.0225 | N2: 0.008 | P2: Standard | Q2: 0.023 | S2: Fargate vCPU | T2: 0.04048 | V2: EKS Cluster | W2: 0.1 | Y2: Inbound Internet to AWS | Z2: 0 | AB2: gp3 - 50GB | AC2: 0.006575
A3: t2.small | B3: 0.023 | D3: gp2 | E3: 0.11 | F3: 0 | H3: db.t3.small | I3: 0.034 | J3: 0.068 | L3: Network LB (NLB) | M3: 0.0225 | N3: 0.006 | P3: Intelligent-Tiering | Q3: 0.023 | S3: Fargate Memory (GB) | T3: 0.004445 | V3: EKS Fargate vCPU | W3: 0.04048 | Y3: Outbound AWS to Internet /GB | Z3: 0.09 | AB3: gp3 - 100GB | AC3: 0.013151
A4: t2.medium | B4: 0.0464 | D4: io2 | E4: 0.138 | F4: 0.065 | H4: db.t3.medium | I4: 0.068 | J4: 0.136 | L4: Classic LB (CLB) | M4: 0.025 | N4: 0.008 | P4: Standard-IA | Q4: 0.0125 | S4: Fargate Windows vCPU | T4: 0.09148 | V4: EKS Fargate Mem(GB) | W4: 0.004445 | Y4: Outbound 10-50TB tier /GB | Z4: 0.085 | AB4: gp3 - 200GB | AC4: 0.026301
A5: t2.large | B5: 0.0928 | D5: io1 | E5: 0.138 | F5: 0.065 | H5: db.t3.large | I5: 0.136 | J5: 0.272 | L5: Gateway LB (GWLB) | M5: 0.01 | N5: 0.0035 | P5: One Zone-IA | Q5: 0.01 | S5: Fargate Windows Mem(GB) | T5: 0.01005 | Y5: Cross-Region outbound /GB | Z5: 0.02 | AB5: gp3 - 500GB | AC5: 0.065753
A6: t3.micro | B6: 0.0104 | D6: st1 | E6: 0.051 | F6: 0 | H6: db.m5.large | I6: 0.24 | J6: 0.48 | P6: Glacier Instant | Q6: 0.004 | Y6: Intra-Region AZ-to-AZ /GB | Z6: 0.01 | AB6: gp3 - 1TB | AC6: 0.131507
A7: t3.small | B7: 0.0208 | D7: sc1 | E7: 0.015 | F7: 0 | H7: db.m5.xlarge | I7: 0.48 | J7: 0.96 | P7: Glacier Flexible | Q7: 0.0036 | Y7: AWS to CloudFront /GB | Z7: 0.0085 | AB7: gp2 - 50GB | AC7: 0.007534
A8: t3.medium | B8: 0.0416 | H8: db.m5.2xlarge | I8: 0.96 | J8: 1.92 | P8: Glacier Deep Archive | Q8: 0.00099 | Y8: VPC Peering same region /GB | Z8: 0.01 | AB8: gp2 - 100GB | AC8: 0.015068
A9: t3.large | B9: 0.0832 | H9: db.r5.large | I9: 0.34 | J9: 0.68 | Y9: NAT Gateway /GB | Z9: 0.045 | AB9: gp2 - 200GB | AC9: 0.030137
A10: t3.xlarge | B10: 0.1664 | H10: db.r5.xlarge | I10: 0.68 | J10: 1.36 | Y10: NAT Gateway /hr | Z10: 0.045 | AB10: io2 - 100GB | AC10: 0.018904
A11: t3.2xlarge | B11: 0.3328 | H11: db.r5.2xlarge | I11: 1.36 | J11: 2.72 | AB11: io2 - 500GB | AC11: 0.094521
A12: t3a.small | B12: 0.0188 | AB12: io2 - 1TB | AC12: 0.189041
A13: t3a.medium | B13: 0.0376 | AB13: st1 - 500GB | AC13: 0.034932
A14: t3a.large | B14: 0.0752 | AB14: st1 - 1TB | AC14: 0.069863
A15: m5.large | B15: 0.107 | AB15: sc1 - 500GB | AC15: 0.010274
A16: m5.xlarge | B16: 0.214 | AB16: sc1 - 1TB | AC16: 0.020548
A17: m5.2xlarge | B17: 0.428
A18: m5.4xlarge | B18: 0.856
A19: m5a.large | B19: 0.096
A20: m5a.xlarge | B20: 0.192
A21: c5.large | B21: 0.096
A22: c5.xlarge | B22: 0.192
A23: c5.2xlarge | B23: 0.384
A24: c5.4xlarge | B24: 0.768
A25: c6in.xlarge | B25: 0.2268
A26: c6in.2xlarge | B26: 0.4536
A27: r5.large | B27: 0.142
A28: r5.xlarge | B28: 0.284
... A35: p3.2xlarge | B35: 3.824

Sheet Calculator
A1: CloudLabs Cost Calculator (AWS)
A2: Please enter lab duration (In Hours) | E2: 4
A3: Please enter cluster uptime (In Hours) | E3: 4
A4: Total Number of Users | E4: 200
A6: COST ESTIMATE
A7: Total Cost = $/hr × Count × Hours | Pause=1→Uptime hrs(E3) | Pause=0→Lab Duration hrs(E2) | Grand Total = Uptime costs + Lab Duration costs
A8: Track Name | B8: Dedicated Resources Deployed | C8: Type and Size (dropdown → $/hr auto-fills) | D8: Can Pause? 1=Yes 0=No | E8: $/hr (AWS rate) | F8: Count | G8: Total Cost $/hr × Count × Hrs | H8: Region
A10: Lab Track | B10: EC2 Instance Cost | C10: c6in.xlarge | D10: 1 | E10: =IFERROR(VLOOKUP(C10,PRICES!$A:$B,2,0),0) | F10: 3 | G10: =IF(OR(C10="",F10=0),0,IF(D10=1,E10*F10*$E$3,E10*F10*$E$2)) | H10: us-east-1
A11: Lab Track | B11: Boot Disk Cost | C11: gp2 | D11: 0 | E11: =IFERROR(60*VLOOKUP(C11,PRICES!$D:$E,2,0)/730,0) | F11: 5 | G11: =IF(OR(C11="",F11=0),0,IF(D11=1,E11*F11*$E$3,E11*F11*$E$2)) | H11: us-east-1
A12: Lab Track | B12: EC2 Instance Cost | C12: m5.xlarge | D12: 1 | E12: =IFERROR(VLOOKUP(C12,PRICES!$A:$B,2,0),0) | F12: 1 | G12: =IF(OR(C12="",F12=0),0,IF(D12=1,E12*F12*$E$3,E12*F12*$E$2)) | H12: us-east-1
A13: Lab Track | B13: EC2 Instance Cost | C13: t3a.small | D13: 1 | E13: =IFERROR(VLOOKUP(C13,PRICES!$A:$B,2,0),0) | F13: 1 | G13: =IF(OR(C13="",F13=0),0,IF(D13=1,E13*F13*$E$3,E13*F13*$E$2)) | H13: us-east-1
A14: Lab Track | B14: Public IP | C14: Dynamic IP | D14: 0 | E14: =0.005 | F14: 5 | G14: =IF(OR(C14="",F14=0),0,IF(D14=1,E14*F14*$E$3,E14*F14*$E$2)) | H14: us-east-1
A15: Lab Track | B15: Gateway Load Balancer | C15: Application LB (ALB) | D15: 0 | E15: =IFERROR(VLOOKUP(C15,PRICES!$L:$M,2,0)+2*VLOOKUP(C15,PRICES!$L:$N,3,0),0) | F15: 1 | G15: =IF(OR(C15="",F15=0),0,IF(D15=1,E15*F15*$E$3,E15*F15*$E$2)) | H15: us-east-1
A16: Lab Track | B16: RDS Database | C16: db.t3.medium | D16: 1 | E16: =IFERROR(VLOOKUP(C16,PRICES!$H:$I,2,0),0) | F16: 1 | G16: =IF(OR(C16="",F16=0),0,IF(D16=1,E16*F16*$E$3,E16*F16*$E$2)) | H16: us-east-1
A17: Lab Track | B17: S3 Storage (100GB) | C17: Standard | D17: 0 | E17: =IFERROR(100*VLOOKUP(C17,PRICES!$P:$Q,2,0)/730,0) | F17: 1 | G17: =IF(OR(C17="",F17=0),0,IF(D17=1,E17*F17*$E$3,E17*F17*$E$2)) | H17: us-east-1
A18: 💾 EBS — Additional Volumes (select pre-sized SKU)
A19: Lab Track | B19: Extra EBS Volume | C19: gp3 - 100GB | D19: 0 | E19: =IFERROR(VLOOKUP(C19,PRICES!$AB:$AC,2,0),0) | F19: 1 | G19: =IF(OR(C19="",F19=0),0,IF(D19=1,E19*F19*$E$3,E19*F19*$E$2)) | H19: us-east-1
A20: Lab Track | B20: Extra EBS Volume | C20: gp3 - 200GB | D20: 0 | E20: =IFERROR(VLOOKUP(C20,PRICES!$AB:$AC,2,0),0) | F20: 1 | G20: =IF(OR(C20="",F20=0),0,IF(D20=1,E20*F20*$E$3,E20*F20*$E$2)) | H20: us-east-1
A21: Lab Track | B21: Extra EBS Volume | C21: io2 - 100GB | D21: 0 | E21: =IFERROR(VLOOKUP(C21,PRICES!$AB:$AC,2,0),0) | F21: 1 | G21: =IF(OR(C21="",F21=0),0,IF(D21=1,E21*F21*$E$3,E21*F21*$E$2)) | H21: us-east-1
D22: 0 | E22: =IFERROR(VLOOKUP(C22,PRICES!$AB:$AC,2,0),0) | F22: 1 | G22: =IF(OR(C22="",F22=0),0,IF(D22=1,E22*F22*$E$3,E22*F22*$E$2)) | H22: us-east-1
A23: 🌐 Data Transfer ($/GB or $/hr × Count × Duration)
A24: Lab Track | B24: Outbound to Internet | C24: Outbound AWS to Internet /GB | D24: 0 | E24: =IFERROR(VLOOKUP(C24,PRICES!$Y:$Z,2,0),0) | F24: 100 | G24: =IF(OR(C24="",F24=0),0,IF(D24=1,E24*F24*$E$3,E24*F24*$E$2)) | H24: us-east-1
A25: Lab Track | B25: Cross-Region (GB) | C25: Cross-Region outbound /GB | D25: 0 | E25: =IFERROR(VLOOKUP(C25,PRICES!$Y:$Z,2,0),0) | F25: 50 | G25: =IF(OR(C25="",F25=0),0,IF(D25=1,E25*F25*$E$3,E25*F25*$E$2)) | H25: us-east-1
A26: Lab Track | B26: Intra-Region AZ→AZ | C26: Intra-Region AZ-to-AZ /GB | D26: 0 | E26: =IFERROR(VLOOKUP(C26,PRICES!$Y:$Z,2,0),0) | F26: 50 | G26: =IF(OR(C26="",F26=0),0,IF(D26=1,E26*F26*$E$3,E26*F26*$E$2)) | H26: us-east-1
A27: Lab Track | B27: NAT Gateway | C27: NAT Gateway /hr | D27: 0 | E27: =IFERROR(VLOOKUP(C27,PRICES!$Y:$Z,2,0),0) | F27: 1 | G27: =IF(OR(C27="",F27=0),0,IF(D27=1,E27*F27*$E$3,E27*F27*$E$2)) | H27: us-east-1
D28: 0 | E28: =IFERROR(VLOOKUP(C28,PRICES!$Y:$Z,2,0),0) | F28: 10 | G28: =IF(OR(C28="",F28=0),0,IF(D28=1,E28*F28*$E$3,E28*F28*$E$2)) | H28: us-east-1
A29: 🐳 ECS Fargate (vCPU $/hr + Memory $/hr — set counts separately)
A30: Lab Track | B30: ECS Fargate vCPU | C30: Fargate vCPU | D30: 1 | E30: =IFERROR(VLOOKUP(C30,PRICES!$S:$T,2,0),0) | F30: 2 | G30: =IF(OR(C30="",F30=0),0,IF(D30=1,E30*F30*$E$3,E30*F30*$E$2)) | H30: us-east-1
A31: Lab Track | B31: ECS Fargate Memory | C31: Fargate Memory (GB) | D31: 1 | E31: =IFERROR(VLOOKUP(C31,PRICES!$S:$T,2,0),0) | F31: 4 | G31: =IF(OR(C31="",F31=0),0,IF(D31=1,E31*F31*$E$3,E31*F31*$E$2)) | H31: us-east-1
D32: 1 | E32: =IFERROR(VLOOKUP(C32,PRICES!$S:$T,2,0),0) | F32: 1 | G32: =IF(OR(C32="",F32=0),0,IF(D32=1,E32*F32*$E$3,E32*F32*$E$2)) | H32: us-east-1
A33: ⎈ EKS — $0.10/hr cluster + Fargate node costs
A34: Lab Track | B34: EKS Cluster | C34: EKS Cluster | D34: 1 | E34: =IFERROR(VLOOKUP(C34,PRICES!$V:$W,2,0),0) | F34: 1 | G34: =IF(OR(C34="",F34=0),0,IF(D34=1,E34*F34*$E$3,E34*F34*$E$2)) | H34: us-east-1
A35: Lab Track | B35: EKS Fargate vCPU | C35: EKS Fargate vCPU | D35: 1 | E35: =IFERROR(VLOOKUP(C35,PRICES!$V:$W,2,0),0) | F35: 4 | G35: =IF(OR(C35="",F35=0),0,IF(D35=1,E35*F35*$E$3,E35*F35*$E$2)) | H35: us-east-1
A36: Lab Track | B36: EKS Fargate Memory | C36: EKS Fargate Mem(GB) | D36: 1 | E36: =IFERROR(VLOOKUP(C36,PRICES!$V:$W,2,0),0) | F36: 8 | G36: =IF(OR(C36="",F36=0),0,IF(D36=1,E36*F36*$E$3,E36*F36*$E$2)) | H36: us-east-1
D37: 1 | E37: =IFERROR(VLOOKUP(C37,PRICES!$V:$W,2,0),0) | F37: 1 | G37: =IF(OR(C37="",F37=0),0,IF(D37=1,E37*F37*$E$3,E37*F37*$E$2)) | H37: us-east-1
A39: Total Cost Per User | G39: =SUM(G10:G37)
A41: Total cost for all users (Total Per User × Users in E4) | G41: =G39*$E$4
A43: ℹ️ Pause=1→$/hr×Count×Uptime(E3) | Pause=0→$/hr×Count×Lab Duration(E2) | ECS/EKS: add vCPU row + Memory row separately | EBS: $/hr pre-calc per size | Data Transfer: $/GB×GB count×duration
